date,fuel_type,fuel_price_pln,brent_price_usd,usd_pln_rate,fuel_margin_pln
2018-01-07,LPG,2.807,75.19,4.0445,0.401
2018-01-07,ON,5.883,75.19,4.0445,0.401
2018-01-07,Pb95,5.701,75.19,4.0445,0.401
2018-01-07,Pb98,6.205,75.19,4.0445,0.401
2018-01-14,LPG,2.842,74.99,4.0496,0.347
2018-01-14,ON,5.888,74.99,4.0496,0.347
2018-01-14,Pb95,5.685,74.99,4.0496,0.347
2018-01-14,Pb98,6.226,74.99,4.0496,0.347
2018-01-21,LPG,2.817,75.95,4.0505,0.39
2018-01-21,ON,5.915,75.95,4.0505,0.39
2018-01-21,Pb95,5.697,75.95,4.0505,0.39
2018-01-21,Pb98,6.229,75.95,4.0505,0.39
2018-01-28,LPG,2.816,76.11,4.0465,0.418
2018-01-28,ON,5.929,76.11,4.0465,0.418
2018-01-28,Pb95,5.711,76.11,4.0465,0.418
2018-01-28,Pb98,6.207,76.11,4.0465,0.418
2018-02-04,LPG,2.879,75.3,4.045,0.357
2018-02-04,ON,5.978,75.3,4.045,0.357
2018-02-04,Pb95,5.726,75.3,4.045,0.357
2018-02-04,Pb98,6.253,75.3,4.045,0.357
2018-02-11,LPG,2.895,75.85,4.0404,0.401
2018-02-11,ON,6.001,75.85,4.0404,0.401
2018-02-11,Pb95,5.707,75.85,4.0404,0.401
2018-02-11,Pb98,6.255,75.85,4.0404,0.401
2018-02-18,LPG,2.916,77.8,4.0438,0.437
2018-02-18,ON,6.012,77.8,4.0438,0.437
2018-02-18,Pb95,5.709,77.8,4.0438,0.437
2018-02-18,Pb98,6.246,77.8,4.0438,0.437
2018-02-25,LPG,2.919,79.22,4.0456,0.411
2018-02-25,ON,6.044,79.22,4.0456,0.411
2018-02-25,Pb95,5.704,79.22,4.0456,0.411
2018-02-25,Pb98,6.222,79.22,4.0456,0.411
2018-03-04,LPG,2.998,78.17,4.0428,0.416
2018-03-04,ON,6.084,78.17,4.0428,0.416
2018-03-04,Pb95,5.764,78.17,4.0428,0.416
2018-03-04,Pb98,6.281,78.17,4.0428,0.416
2018-03-11,LPG,3.034,76.27,4.0373,0.427
2018-03-11,ON,6.086,76.27,4.0373,0.427
2018-03-11,Pb95,5.751,76.27,4.0373,0.427
2018-03-11,Pb98,6.252,76.27,4.0373,0.427
2018-03-18,LPG,3.048,75.34,4.0388,0.452
2018-03-18,ON,6.094,75.34,4.0388,0.452
2018-03-18,Pb95,5.765,75.34,4.0388,0.452
2018-03-18,Pb98,6.25,75.34,4.0388,0.452
2018-03-25,LPG,3.069,75.4,4.0436,0.405
2018-03-25,ON,6.084,75.4,4.0436,0.405
2018-03-25,Pb95,5.777,75.4,4.0436,0.405
2018-03-25,Pb98,6.25,75.4,4.0436,0.405
2018-04-01,LPG,3.119,71.91,4.043,0.437
2018-04-01,ON,6.145,71.91,4.043,0.437
2018-04-01,Pb95,5.838,71.91,4.043,0.437
2018-04-01,Pb98,6.347,71.91,4.043,0.437
2018-04-08,LPG,3.09,71.58,4.0451,0.398
2018-04-08,ON,6.129,71.58,4.0451,0.398
2018-04-08,Pb95,5.855,71.58,4.0451,0.398
2018-04-08,Pb98,6.363,71.58,4.0451,0.398
2018-04-15,LPG,3.087,69.71,4.0432,0.384
2018-04-15,ON,6.109,69.71,4.0432,0.384
2018-04-15,Pb95,5.862,69.71,4.0432,0.384
2018-04-15,Pb98,6.377,69.71,4.0432,0.384
2018-04-22,LPG,3.086,68.61,4.0435,0.409
2018-04-22,ON,6.128,68.61,4.0435,0.409
2018-04-22,Pb95,5.85,68.61,4.0435,0.409
2018-04-22,Pb98,6.384,68.61,4.0435,0.409
2018-04-29,LPG,3.104,67.8,4.0421,0.382
2018-04-29,ON,6.092,67.8,4.0421,0.382
2018-04-29,Pb95,5.855,67.8,4.0421,0.382
2018-04-29,Pb98,6.381,67.8,4.0421,0.382
2018-05-06,LPG,3.142,67.32,4.0435,0.383
2018-05-06,ON,6.112,67.32,4.0435,0.383
2018-05-06,Pb95,5.885,67.32,4.0435,0.383
2018-05-06,Pb98,6.421,67.32,4.0435,0.383
2018-05-13,LPG,3.144,67.94,4.036,0.382
2018-05-13,ON,6.106,67.94,4.036,0.382
2018-05-13,Pb95,5.898,67.94,4.036,0.382
2018-05-13,Pb98,6.413,67.94,4.036,0.382
2018-05-20,LPG,3.145,69.5,4.0392,0.331
2018-05-20,ON,6.092,69.5,4.0392,0.331
2018-05-20,Pb95,5.898,69.5,4.0392,0.331
2018-05-20,Pb98,6.426,69.5,4.0392,0.331
2018-05-27,LPG,3.171,69.31,4.0381,0.403
2018-05-27,ON,6.106,69.31,4.0381,0.403
2018-05-27,Pb95,5.895,69.31,4.0381,0.403
2018-05-27,Pb98,6.447,69.31,4.0381,0.403
2018-06-03,LPG,3.192,71.36,4.0399,0.362
2018-06-03,ON,6.132,71.36,4.0399,0.362
2018-06-03,Pb95,5.901,71.36,4.0399,0.362
2018-06-03,Pb98,6.458,71.36,4.0399,0.362
2018-06-10,LPG,3.188,70.36,4.0382,0.397
2018-06-10,ON,6.137,70.36,4.0382,0.397
2018-06-10,Pb95,5.92,70.36,4.0382,0.397
2018-06-10,Pb98,6.457,70.36,4.0382,0.397
2018-06-17,LPG,3.19,70.89,4.0398,0.443
2018-06-17,ON,6.16,70.89,4.0398,0.443
2018-06-17,Pb95,5.918,70.89,4.0398,0.443
2018-06-17,Pb98,6.468,70.89,4.0398,0.443
2018-06-24,LPG,3.196,72.25,4.0344,0.384
2018-06-24,ON,6.178,72.25,4.0344,0.384
2018-06-24,Pb95,5.912,72.25,4.0344,0.384
2018-06-24,Pb98,6.49,72.25,4.0344,0.384
2018-07-01,LPG,3.196,72.39,4.0403,0.384
2018-07-01,ON,6.179,72.39,4.0403,0.384
2018-07-01,Pb95,5.89,72.39,4.0403,0.384
2018-07-01,Pb98,6.497,72.39,4.0403,0.384
2018-07-08,LPG,3.187,71.27,4.0318,0.441
2018-07-08,ON,6.185,71.27,4.0318,0.441
2018-07-08,Pb95,5.899,71.27,4.0318,0.441
2018-07-08,Pb98,6.531,71.27,4.0318,0.441
2018-07-15,LPG,3.214,69.89,4.0266,0.416
2018-07-15,ON,6.186,69.89,4.0266,0.416
2018-07-15,Pb95,5.904,69.89,4.0266,0.416
2018-07-15,Pb98,6.542,69.89,4.0266,0.416
2018-07-22,LPG,3.231,69.2,4.0278,0.429
2018-07-22,ON,6.199,69.2,4.0278,0.429
2018-07-22,Pb95,5.911,69.2,4.0278,0.429
2018-07-22,Pb98,6.554,69.2,4.0278,0.429
2018-07-29,LPG,3.242,69.53,4.0351,0.389
2018-07-29,ON,6.214,69.53,4.0351,0.389
2018-07-29,Pb95,5.917,69.53,4.0351,0.389
2018-07-29,Pb98,6.573,69.53,4.0351,0.389
2018-08-05,LPG,3.211,68.02,4.0365,0.422
2018-08-05,ON,6.176,68.02,4.0365,0.422
2018-08-05,Pb95,5.906,68.02,4.0365,0.422
2018-08-05,Pb98,6.518,68.02,4.0365,0.422
2018-08-12,LPG,3.211,67.7,4.0353,0.379
2018-08-12,ON,6.179,67.7,4.0353,0.379
2018-08-12,Pb95,5.9,67.7,4.0353,0.379
2018-08-12,Pb98,6.531,67.7,4.0353,0.379
2018-08-19,LPG,3.192,67.47,4.0281,0.38
2018-08-19,ON,6.187,67.47,4.0281,0.38
2018-08-19,Pb95,5.892,67.47,4.0281,0.38
2018-08-19,Pb98,6.534,67.47,4.0281,0.38
2018-08-26,LPG,3.186,68.28,4.0272,0.418
2018-08-26,ON,6.201,68.28,4.0272,0.418
2018-08-26,Pb95,5.88,68.28,4.0272,0.418
2018-08-26,Pb98,6.548,68.28,4.0272,0.418
2018-09-02,LPG,3.116,68.6,4.0271,0.382
2018-09-02,ON,6.156,68.6,4.0271,0.382
2018-09-02,Pb95,5.83,68.6,4.0271,0.382
2018-09-02,Pb98,6.488,68.6,4.0271,0.382
2018-09-09,LPG,3.132,69.13,4.0355,0.423
2018-09-09,ON,6.144,69.13,4.0355,0.423
2018-09-09,Pb95,5.847,69.13,4.0355,0.423
2018-09-09,Pb98,6.489,69.13,4.0355,0.423
2018-09-16,LPG,3.119,68.15,4.0387,0.472
2018-09-16,ON,6.14,68.15,4.0387,0.472
2018-09-16,Pb95,5.845,68.15,4.0387,0.472
2018-09-16,Pb98,6.48,68.15,4.0387,0.472
2018-09-23,LPG,3.123,67.96,4.031,0.349
2018-09-23,ON,6.151,67.96,4.031,0.349
2018-09-23,Pb95,5.833,67.96,4.031,0.349
2018-09-23,Pb98,6.499,67.96,4.031,0.349
2018-09-30,LPG,3.132,69.13,4.0411,0.377
2018-09-30,ON,6.153,69.13,4.0411,0.377
2018-09-30,Pb95,5.821,69.13,4.0411,0.377
2018-09-30,Pb98,6.51,69.13,4.0411,0.377
2018-10-07,LPG,3.048,71.37,4.0392,0.434
2018-10-07,ON,6.093,71.37,4.0392,0.434
2018-10-07,Pb95,5.771,71.37,4.0392,0.434
2018-10-07,Pb98,6.461,71.37,4.0392,0.434
2018-10-14,LPG,3.043,69.48,4.0348,0.396
2018-10-14,ON,6.108,69.48,4.0348,0.396
2018-10-14,Pb95,5.782,69.48,4.0348,0.396
2018-10-14,Pb98,6.45,69.48,4.0348,0.396
2018-10-21,LPG,3.045,71.76,4.0421,0.435
2018-10-21,ON,6.107,71.76,4.0421,0.435
2018-10-21,Pb95,5.79,71.76,4.0421,0.435
2018-10-21,Pb98,6.451,71.76,4.0421,0.435
2018-10-28,LPG,3.066,73.77,4.0419,0.37
2018-10-28,ON,6.116,73.77,4.0419,0.37
2018-10-28,Pb95,5.781,73.77,4.0419,0.37
2018-10-28,Pb98,6.47,73.77,4.0419,0.37
2018-11-04,LPG,3.013,74.95,4.0401,0.41
2018-11-04,ON,6.055,74.95,4.0401,0.41
2018-11-04,Pb95,5.74,74.95,4.0401,0.41
2018-11-04,Pb98,6.451,74.95,4.0401,0.41
2018-11-11,LPG,3.024,75.34,4.0412,0.395
2018-11-11,ON,6.082,75.34,4.0412,0.395
2018-11-11,Pb95,5.742,75.34,4.0412,0.395
2018-11-11,Pb98,6.465,75.34,4.0412,0.395
2018-11-18,LPG,3.029,74.87,4.0454,0.404
2018-11-18,ON,6.073,74.87,4.0454,0.404
2018-11-18,Pb95,5.746,74.87,4.0454,0.404
2018-11-18,Pb98,6.459,74.87,4.0454,0.404
2018-11-25,LPG,3.016,77.06,4.0503,0.41
2018-11-25,ON,6.068,77.06,4.0503,0.41
2018-11-25,Pb95,5.759,77.06,4.0503,0.41
2018-11-25,Pb98,6.472,77.06,4.0503,0.41
2018-12-02,LPG,3.013,80.0,4.0435,0.363
2018-12-02,ON,6.088,80.0,4.0435,0.363
2018-12-02,Pb95,5.747,80.0,4.0435,0.363
2018-12-02,Pb98,6.472,80.0,4.0435,0.363
2018-12-09,LPG,3.023,82.7,4.0535,0.368
2018-12-09,ON,6.11,82.7,4.0535,0.368
2018-12-09,Pb95,5.757,82.7,4.0535,0.368
2018-12-09,Pb98,6.465,82.7,4.0535,0.368
2018-12-16,LPG,3.015,84.67,4.0582,0.442
2018-12-16,ON,6.118,84.67,4.0582,0.442
2018-12-16,Pb95,5.758,84.67,4.0582,0.442
2018-12-16,Pb98,6.465,84.67,4.0582,0.442
2018-12-23,LPG,3.023,85.21,4.0563,0.409
2018-12-23,ON,6.112,85.21,4.0563,0.409
2018-12-23,Pb95,5.763,85.21,4.0563,0.409
2018-12-23,Pb98,6.474,85.21,4.0563,0.409
2018-12-30,LPG,3.028,83.4,4.0522,0.403
2018-12-30,ON,6.105,83.4,4.0522,0.403
2018-12-30,Pb95,5.772,83.4,4.0522,0.403
2018-12-30,Pb98,6.492,83.4,4.0522,0.403
2019-01-06,LPG,3.035,83.39,4.0474,0.399
2019-01-06,ON,6.098,83.39,4.0474,0.399
2019-01-06,Pb95,5.767,83.39,4.0474,0.399
2019-01-06,Pb98,6.511,83.39,4.0474,0.399
2019-01-13,LPG,3.015,84.38,4.048,0.411
2019-01-13,ON,6.087,84.38,4.048,0.411
2019-01-13,Pb95,5.762,84.38,4.048,0.411
2019-01-13,Pb98,6.489,84.38,4.048,0.411
2019-01-20,LPG,3.019,82.44,4.0447,0.365
2019-01-20,ON,6.047,82.44,4.0447,0.365
2019-01-20,Pb95,5.755,82.44,4.0447,0.365
2019-01-20,Pb98,6.485,82.44,4.0447,0.365
2019-01-27,LPG,3.025,83.04,4.0409,0.37
2019-01-27,ON,6.053,83.04,4.0409,0.37
2019-01-27,Pb95,5.746,83.04,4.0409,0.37
2019-01-27,Pb98,6.5,83.04,4.0409,0.37
2019-02-03,LPG,3.08,83.68,4.045,0.439
2019-02-03,ON,6.099,83.68,4.045,0.439
2019-02-03,Pb95,5.786,83.68,4.045,0.439
2019-02-03,Pb98,6.541,83.68,4.045,0.439
2019-02-10,LPG,3.094,84.73,4.0468,0.405
2019-02-10,ON,6.084,84.73,4.0468,0.405
2019-02-10,Pb95,5.809,84.73,4.0468,0.405
2019-02-10,Pb98,6.535,84.73,4.0468,0.405
2019-02-17,LPG,3.117,82.95,4.0448,0.426
2019-02-17,ON,6.085,82.95,4.0448,0.426
2019-02-17,Pb95,5.796,82.95,4.0448,0.426
2019-02-17,Pb98,6.525,82.95,4.0448,0.426
2019-02-24,LPG,3.128,81.96,4.0485,0.382
2019-02-24,ON,6.061,81.96,4.0485,0.382
2019-02-24,Pb95,5.811,81.96,4.0485,0.382
2019-02-24,Pb98,6.519,81.96,4.0485,0.382
2019-03-03,LPG,3.19,81.3,4.0553,0.441
2019-03-03,ON,6.115,81.3,4.0553,0.441
2019-03-03,Pb95,5.846,81.3,4.0553,0.441
2019-03-03,Pb98,6.576,81.3,4.0553,0.441
2019-03-10,LPG,3.185,79.55,4.0499,0.41
2019-03-10,ON,6.121,79.55,4.0499,0.41
2019-03-10,Pb95,5.841,79.55,4.0499,0.41
2019-03-10,Pb98,6.582,79.55,4.0499,0.41
2019-03-17,LPG,3.211,82.16,4.0468,0.414
2019-03-17,ON,6.136,82.16,4.0468,0.414
2019-03-17,Pb95,5.843,82.16,4.0468,0.414
2019-03-17,Pb98,6.561,82.16,4.0468,0.414
2019-03-24,LPG,3.2,81.41,4.0516,0.416
2019-03-24,ON,6.142,81.41,4.0516,0.416
2019-03-24,Pb95,5.852,81.41,4.0516,0.416
2019-03-24,Pb98,6.54,81.41,4.0516,0.416
2019-03-31,LPG,3.196,81.91,4.0551,0.376
2019-03-31,ON,6.129,81.91,4.0551,0.376
2019-03-31,Pb95,5.863,81.91,4.0551,0.376
2019-03-31,Pb98,6.518,81.91,4.0551,0.376
2019-04-07,LPG,3.265,81.52,4.0563,0.344
2019-04-07,ON,6.182,81.52,4.0563,0.344
2019-04-07,Pb95,5.935,81.52,4.0563,0.344
2019-04-07,Pb98,6.583,81.52,4.0563,0.344
2019-04-14,LPG,3.252,83.89,4.0621,0.368
2019-04-14,ON,6.209,83.89,4.0621,0.368
2019-04-14,Pb95,5.93,83.89,4.0621,0.368
2019-04-14,Pb98,6.583,83.89,4.0621,0.368
2019-04-21,LPG,3.297,85.87,4.0567,0.449
2019-04-21,ON,6.18,85.87,4.0567,0.449
2019-04-21,Pb95,5.924,85.87,4.0567,0.449
2019-04-21,Pb98,6.571,85.87,4.0567,0.449
2019-04-28,LPG,3.317,86.82,4.0493,0.439
2019-04-28,ON,6.198,86.82,4.0493,0.439
2019-04-28,Pb95,5.937,86.82,4.0493,0.439
2019-04-28,Pb98,6.588,86.82,4.0493,0.439
2019-05-05,LPG,3.359,83.52,4.0449,0.39
2019-05-05,ON,6.211,83.52,4.0449,0.39
2019-05-05,Pb95,5.978,83.52,4.0449,0.39
2019-05-05,Pb98,6.649,83.52,4.0449,0.39
2019-05-12,LPG,3.348,83.6,4.0455,0.391
2019-05-12,ON,6.196,83.6,4.0455,0.391
2019-05-12,Pb95,5.959,83.6,4.0455,0.391
2019-05-12,Pb98,6.661,83.6,4.0455,0.391
2019-05-19,LPG,3.34,84.62,4.0416,0.431
2019-05-19,ON,6.207,84.62,4.0416,0.431
2019-05-19,Pb95,5.942,84.62,4.0416,0.431
2019-05-19,Pb98,6.665,84.62,4.0416,0.431
2019-05-26,LPG,3.342,86.13,4.0391,0.395
2019-05-26,ON,6.203,86.13,4.0391,0.395
2019-05-26,Pb95,5.929,86.13,4.0391,0.395
2019-05-26,Pb98,6.64,86.13,4.0391,0.395
2019-06-02,LPG,3.342,85.2,4.0342,0.361
2019-06-02,ON,6.206,85.2,4.0342,0.361
2019-06-02,Pb95,5.952,85.2,4.0342,0.361
2019-06-02,Pb98,6.669,85.2,4.0342,0.361
2019-06-09,LPG,3.355,87.93,4.0311,0.438
2019-06-09,ON,6.219,87.93,4.0311,0.438
2019-06-09,Pb95,5.955,87.93,4.0311,0.438
2019-06-09,Pb98,6.681,87.93,4.0311,0.438
2019-06-16,LPG,3.376,85.95,4.0261,0.414
2019-06-16,ON,6.233,85.95,4.0261,0.414
2019-06-16,Pb95,5.965,85.95,4.0261,0.414
2019-06-16,Pb98,6.676,85.95,4.0261,0.414
2019-06-23,LPG,3.356,84.96,4.028,0.325
2019-06-23,ON,6.223,84.96,4.028,0.325
2019-06-23,Pb95,5.959,84.96,4.028,0.325
2019-06-23,Pb98,6.661,84.96,4.028,0.325
2019-06-30,LPG,3.353,86.36,4.0319,0.391
2019-06-30,ON,6.227,86.36,4.0319,0.391
2019-06-30,Pb95,5.962,86.36,4.0319,0.391
2019-06-30,Pb98,6.675,86.36,4.0319,0.391
2019-07-07,LPG,3.35,86.44,4.0295,0.404
2019-07-07,ON,6.24,86.44,4.0295,0.404
2019-07-07,Pb95,5.955,86.44,4.0295,0.404
2019-07-07,Pb98,6.66,86.44,4.0295,0.404
2019-07-14,LPG,3.326,89.44,4.0285,0.414
2019-07-14,ON,6.24,89.44,4.0285,0.414
2019-07-14,Pb95,5.951,89.44,4.0285,0.414
2019-07-14,Pb98,6.688,89.44,4.0285,0.414
2019-07-21,LPG,3.339,89.72,4.0256,0.405
2019-07-21,ON,6.245,89.72,4.0256,0.405
2019-07-21,Pb95,5.958,89.72,4.0256,0.405
2019-07-21,Pb98,6.673,89.72,4.0256,0.405
2019-07-28,LPG,3.333,88.77,4.0282,0.381
2019-07-28,ON,6.249,88.77,4.0282,0.381
2019-07-28,Pb95,5.948,88.77,4.0282,0.381
2019-07-28,Pb98,6.669,88.77,4.0282,0.381
2019-08-04,LPG,3.245,88.21,4.0287,0.397
2019-08-04,ON,6.21,88.21,4.0287,0.397
2019-08-04,Pb95,5.899,88.21,4.0287,0.397
2019-08-04,Pb98,6.623,88.21,4.0287,0.397
2019-08-11,LPG,3.239,86.57,4.0367,0.409
2019-08-11,ON,6.214,86.57,4.0367,0.409
2019-08-11,Pb95,5.893,86.57,4.0367,0.409
2019-08-11,Pb98,6.621,86.57,4.0367,0.409
2019-08-18,LPG,3.216,84.65,4.0312,0.392
2019-08-18,ON,6.208,84.65,4.0312,0.392
2019-08-18,Pb95,5.875,84.65,4.0312,0.392
2019-08-18,Pb98,6.618,84.65,4.0312,0.392
2019-08-25,LPG,3.226,85.6,4.033,0.389
2019-08-25,ON,6.214,85.6,4.033,0.389
2019-08-25,Pb95,5.883,85.6,4.033,0.389
2019-08-25,Pb98,6.614,85.6,4.033,0.389
2019-09-01,LPG,3.164,86.47,4.0352,0.438
2019-09-01,ON,6.139,86.47,4.0352,0.438
2019-09-01,Pb95,5.816,86.47,4.0352,0.438
2019-09-01,Pb98,6.544,86.47,4.0352,0.438
2019-09-08,LPG,3.145,88.41,4.0334,0.372
2019-09-08,ON,6.136,88.41,4.0334,0.372
2019-09-08,Pb95,5.817,88.41,4.0334,0.372
2019-09-08,Pb98,6.502,88.41,4.0334,0.372
2019-09-15,LPG,3.14,87.28,4.0363,0.39
2019-09-15,ON,6.127,87.28,4.0363,0.39
2019-09-15,Pb95,5.824,87.28,4.0363,0.39
2019-09-15,Pb98,6.504,87.28,4.0363,0.39
2019-09-22,LPG,3.162,89.82,4.0291,0.339
2019-09-22,ON,6.126,89.82,4.0291,0.339
2019-09-22,Pb95,5.831,89.82,4.0291,0.339
2019-09-22,Pb98,6.51,89.82,4.0291,0.339
2019-09-29,LPG,3.153,89.38,4.0397,0.416
2019-09-29,ON,6.135,89.38,4.0397,0.416
2019-09-29,Pb95,5.841,89.38,4.0397,0.416
2019-09-29,Pb98,6.516,89.38,4.0397,0.416
2019-10-06,LPG,3.09,91.75,4.033,0.425
2019-10-06,ON,6.067,91.75,4.033,0.425
2019-10-06,Pb95,5.78,91.75,4.033,0.425
2019-10-06,Pb98,6.441,91.75,4.033,0.425
2019-10-13,LPG,3.112,91.1,4.0376,0.416
2019-10-13,ON,6.064,91.1,4.0376,0.416
2019-10-13,Pb95,5.774,91.1,4.0376,0.416
2019-10-13,Pb98,6.453,91.1,4.0376,0.416
2019-10-20,LPG,3.126,89.99,4.032,0.428
2019-10-20,ON,6.074,89.99,4.032,0.428
2019-10-20,Pb95,5.773,89.99,4.032,0.428
2019-10-20,Pb98,6.485,89.99,4.032,0.428
2019-10-27,LPG,3.126,90.37,4.0378,0.413
2019-10-27,ON,6.063,90.37,4.0378,0.413
2019-10-27,Pb95,5.747,90.37,4.0378,0.413
2019-10-27,Pb98,6.506,90.37,4.0378,0.413
2019-11-03,LPG,3.082,91.92,4.0358,0.41
2019-11-03,ON,6.027,91.92,4.0358,0.41
2019-11-03,Pb95,5.682,91.92,4.0358,0.41
2019-11-03,Pb98,6.445,91.92,4.0358,0.41
2019-11-10,LPG,3.077,92.16,4.0366,0.414
2019-11-10,ON,6.013,92.16,4.0366,0.414
2019-11-10,Pb95,5.662,92.16,4.0366,0.414
2019-11-10,Pb98,6.44,92.16,4.0366,0.414
2019-11-17,LPG,3.064,91.28,4.0369,0.392
2019-11-17,ON,6.03,91.28,4.0369,0.392
2019-11-17,Pb95,5.648,91.28,4.0369,0.392
2019-11-17,Pb98,6.431,91.28,4.0369,0.392
2019-11-24,LPG,3.089,89.27,4.0424,0.436
2019-11-24,ON,6.036,89.27,4.0424,0.436
2019-11-24,Pb95,5.654,89.27,4.0424,0.436
2019-11-24,Pb98,6.443,89.27,4.0424,0.436
2019-12-01,LPG,3.086,87.16,4.0408,0.39
2019-12-01,ON,6.019,87.16,4.0408,0.39
2019-12-01,Pb95,5.624,87.16,4.0408,0.39
2019-12-01,Pb98,6.428,87.16,4.0408,0.39
2019-12-08,LPG,3.07,87.92,4.026,0.356
2019-12-08,ON,6.018,87.92,4.026,0.356
2019-12-08,Pb95,5.619,87.92,4.026,0.356
2019-12-08,Pb98,6.429,87.92,4.026,0.356
2019-12-15,LPG,3.062,89.4,4.0222,0.425
2019-12-15,ON,6.013,89.4,4.0222,0.425
2019-12-15,Pb95,5.639,89.4,4.0222,0.425
2019-12-15,Pb98,6.451,89.4,4.0222,0.425
2019-12-22,LPG,3.039,89.16,4.0231,0.456
2019-12-22,ON,6.047,89.16,4.0231,0.456
2019-12-22,Pb95,5.633,89.16,4.0231,0.456
2019-12-22,Pb98,6.465,89.16,4.0231,0.456
2019-12-29,LPG,3.022,87.55,4.0209,0.371
2019-12-29,ON,6.044,87.55,4.0209,0.371
2019-12-29,Pb95,5.645,87.55,4.0209,0.371
2019-12-29,Pb98,6.465,87.55,4.0209,0.371
2022-01-02,LPG,3.071,88.85,4.0247,0.397
2022-01-02,ON,6.074,88.85,4.0247,0.397
2022-01-02,Pb95,5.647,88.85,4.0247,0.397
2022-01-02,Pb98,6.503,88.85,4.0247,0.397
2022-01-09,LPG,3.082,86.93,4.0298,0.379
2022-01-09,ON,6.085,86.93,4.0298,0.379
2022-01-09,Pb95,5.644,86.93,4.0298,0.379
2022-01-09,Pb98,6.487,86.93,4.0298,0.379
2022-01-16,LPG,3.103,85.86,4.0291,0.389
2022-01-16,ON,6.082,85.86,4.0291,0.389
2022-01-16,Pb95,5.63,85.86,4.0291,0.389
2022-01-16,Pb98,6.505,85.86,4.0291,0.389
2022-01-23,LPG,3.084,86.8,4.0216,0.401
2022-01-23,ON,6.073,86.8,4.0216,0.401
2022-01-23,Pb95,5.625,86.8,4.0216,0.401
2022-01-23,Pb98,6.489,86.8,4.0216,0.401
2022-01-30,LPG,3.088,83.42,4.0285,0.363
2022-01-30,ON,6.091,83.42,4.0285,0.363
2022-01-30,Pb95,5.638,83.42,4.0285,0.363
2022-01-30,Pb98,6.516,83.42,4.0285,0.363
2022-02-06,LPG,3.098,84.0,4.034,0.392
2022-02-06,ON,6.154,84.0,4.034,0.392
2022-02-06,Pb95,5.656,84.0,4.034,0.392
2022-02-06,Pb98,6.569,84.0,4.034,0.392
2022-02-13,LPG,3.089,83.13,4.0325,0.356
2022-02-13,ON,6.167,83.13,4.0325,0.356
2022-02-13,Pb95,5.663,83.13,4.0325,0.356
2022-02-13,Pb98,6.564,83.13,4.0325,0.356
2022-02-20,LPG,3.095,83.29,4.043,0.383
2022-02-20,ON,6.152,83.29,4.043,0.383
2022-02-20,Pb95,5.667,83.29,4.043,0.383
2022-02-20,Pb98,6.561,83.29,4.043,0.383
2022-02-27,LPG,3.073,83.18,4.0413,0.364
2022-02-27,ON,6.158,83.18,4.0413,0.364
2022-02-27,Pb95,5.658,83.18,4.0413,0.364
2022-02-27,Pb98,6.55,83.18,4.0413,0.364
2022-03-06,LPG,3.144,83.48,4.0356,0.368
2022-03-06,ON,6.216,83.48,4.0356,0.368
2022-03-06,Pb95,5.696,83.48,4.0356,0.368
2022-03-06,Pb98,6.606,83.48,4.0356,0.368
2022-03-13,LPG,3.134,84.52,4.0348,0.348
2022-03-13,ON,6.226,84.52,4.0348,0.348
2022-03-13,Pb95,5.698,84.52,4.0348,0.348
2022-03-13,Pb98,6.612,84.52,4.0348,0.348
2022-03-20,LPG,3.119,83.39,4.0402,0.437
2022-03-20,ON,6.222,83.39,4.0402,0.437
2022-03-20,Pb95,5.69,83.39,4.0402,0.437
2022-03-20,Pb98,6.607,83.39,4.0402,0.437
2022-03-27,LPG,3.133,85.52,4.0355,0.415
2022-03-27,ON,6.207,85.52,4.0355,0.415
2022-03-27,Pb95,5.694,85.52,4.0355,0.415
2022-03-27,Pb98,6.619,85.52,4.0355,0.415
2022-04-03,LPG,3.192,86.61,4.0452,0.342
2022-04-03,ON,6.271,86.61,4.0452,0.342
2022-04-03,Pb95,5.754,86.61,4.0452,0.342
2022-04-03,Pb98,6.679,86.61,4.0452,0.342
2022-04-10,LPG,3.205,87.87,4.0408,0.382
2022-04-10,ON,6.257,87.87,4.0408,0.382
2022-04-10,Pb95,5.778,87.87,4.0408,0.382
2022-04-10,Pb98,6.67,87.87,4.0408,0.382
2022-04-17,LPG,3.192,89.62,4.0455,0.38
2022-04-17,ON,6.278,89.62,4.0455,0.38
2022-04-17,Pb95,5.775,89.62,4.0455,0.38
2022-04-17,Pb98,6.675,89.62,4.0455,0.38
2022-04-24,LPG,3.174,90.8,4.0483,0.379
2022-04-24,ON,6.278,90.8,4.0483,0.379
2022-04-24,Pb95,5.76,90.8,4.0483,0.379
2022-04-24,Pb98,6.664,90.8,4.0483,0.379
2022-05-01,LPG,3.2,92.07,4.0475,0.357
2022-05-01,ON,6.328,92.07,4.0475,0.357
2022-05-01,Pb95,5.807,92.07,4.0475,0.357
2022-05-01,Pb98,6.697,92.07,4.0475,0.357
2022-05-08,LPG,3.19,92.18,4.0529,0.423
2022-05-08,ON,6.345,92.18,4.0529,0.423
2022-05-08,Pb95,5.81,92.18,4.0529,0.423
2022-05-08,Pb98,6.672,92.18,4.0529,0.423
2022-05-15,LPG,3.203,90.04,4.0454,0.388
2022-05-15,ON,6.38,90.04,4.0454,0.388
2022-05-15,Pb95,5.831,90.04,4.0454,0.388
2022-05-15,Pb98,6.679,90.04,4.0454,0.388
2022-05-22,LPG,3.205,89.84,4.0522,0.414
2022-05-22,ON,6.388,89.84,4.0522,0.414
2022-05-22,Pb95,5.844,89.84,4.0522,0.414
2022-05-22,Pb98,6.65,89.84,4.0522,0.414
2022-05-29,LPG,3.218,88.68,4.0519,0.416
2022-05-29,ON,6.368,88.68,4.0519,0.416
2022-05-29,Pb95,5.849,88.68,4.0519,0.416
2022-05-29,Pb98,6.68,88.68,4.0519,0.416
2022-06-05,LPG,3.212,86.55,4.0492,0.441
2022-06-05,ON,6.362,86.55,4.0492,0.441
2022-06-05,Pb95,5.887,86.55,4.0492,0.441
2022-06-05,Pb98,6.694,86.55,4.0492,0.441
2022-06-12,LPG,3.224,86.94,4.0529,0.346
2022-06-12,ON,6.343,86.94,4.0529,0.346
2022-06-12,Pb95,5.87,86.94,4.0529,0.346
2022-06-12,Pb98,6.707,86.94,4.0529,0.346
2022-06-19,LPG,3.245,86.08,4.0582,0.452
2022-06-19,ON,6.348,86.08,4.0582,0.452
2022-06-19,Pb95,5.86,86.08,4.0582,0.452
2022-06-19,Pb98,6.73,86.08,4.0582,0.452
2022-06-26,LPG,3.248,84.54,4.062,0.438
2022-06-26,ON,6.342,84.54,4.062,0.438
2022-06-26,Pb95,5.847,84.54,4.062,0.438
2022-06-26,Pb98,6.725,84.54,4.062,0.438
2022-07-03,LPG,3.238,82.97,4.072,0.417
2022-07-03,ON,6.341,82.97,4.072,0.417
2022-07-03,Pb95,5.825,82.97,4.072,0.417
2022-07-03,Pb98,6.713,82.97,4.072,0.417
2022-07-10,LPG,3.228,83.38,4.0774,0.472
2022-07-10,ON,6.336,83.38,4.0774,0.472
2022-07-10,Pb95,5.804,83.38,4.0774,0.472
2022-07-10,Pb98,6.692,83.38,4.0774,0.472
2022-07-17,LPG,3.211,83.91,4.0839,0.406
2022-07-17,ON,6.321,83.91,4.0839,0.406
2022-07-17,Pb95,5.814,83.91,4.0839,0.406
2022-07-17,Pb98,6.69,83.91,4.0839,0.406
2022-07-24,LPG,3.213,85.9,4.0812,0.425
2022-07-24,ON,6.342,85.9,4.0812,0.425
2022-07-24,Pb95,5.811,85.9,4.0812,0.425
2022-07-24,Pb98,6.716,85.9,4.0812,0.425
2022-07-31,LPG,3.179,85.88,4.0817,0.378
2022-07-31,ON,6.343,85.88,4.0817,0.378
2022-07-31,Pb95,5.789,85.88,4.0817,0.378
2022-07-31,Pb98,6.71,85.88,4.0817,0.378
2022-08-07,LPG,3.143,87.44,4.0845,0.434
2022-08-07,ON,6.31,87.44,4.0845,0.434
2022-08-07,Pb95,5.73,87.44,4.0845,0.434
2022-08-07,Pb98,6.661,87.44,4.0845,0.434
2022-08-14,LPG,3.153,89.54,4.0844,0.405
2022-08-14,ON,6.302,89.54,4.0844,0.405
2022-08-14,Pb95,5.735,89.54,4.0844,0.405
2022-08-14,Pb98,6.671,89.54,4.0844,0.405
2022-08-21,LPG,3.159,91.27,4.0859,0.386
2022-08-21,ON,6.309,91.27,4.0859,0.386
2022-08-21,Pb95,5.748,91.27,4.0859,0.386
2022-08-21,Pb98,6.648,91.27,4.0859,0.386
2022-08-28,LPG,3.172,87.72,4.0881,0.464
2022-08-28,ON,6.333,87.72,4.0881,0.464
2022-08-28,Pb95,5.778,87.72,4.0881,0.464
2022-08-28,Pb98,6.643,87.72,4.0881,0.464
2022-09-04,LPG,3.103,89.56,4.0923,0.391
2022-09-04,ON,6.274,89.56,4.0923,0.391
2022-09-04,Pb95,5.762,89.56,4.0923,0.391
2022-09-04,Pb98,6.583,89.56,4.0923,0.391
2022-09-11,LPG,3.091,90.07,4.0918,0.4
2022-09-11,ON,6.263,90.07,4.0918,0.4
2022-09-11,Pb95,5.768,90.07,4.0918,0.4
2022-09-11,Pb98,6.606,90.07,4.0918,0.4
2022-09-18,LPG,3.073,90.71,4.09,0.394
2022-09-18,ON,6.289,90.71,4.09,0.394
2022-09-18,Pb95,5.754,90.71,4.09,0.394
2022-09-18,Pb98,6.608,90.71,4.09,0.394
2022-09-25,LPG,3.094,91.27,4.0859,0.377
2022-09-25,ON,6.305,91.27,4.0859,0.377
2022-09-25,Pb95,5.722,91.27,4.0859,0.377
2022-09-25,Pb98,6.635,91.27,4.0859,0.377
2022-10-02,LPG,3.046,91.84,4.0814,0.416
2022-10-02,ON,6.236,91.84,4.0814,0.416
2022-10-02,Pb95,5.666,91.84,4.0814,0.416
2022-10-02,Pb98,6.572,91.84,4.0814,0.416
2022-10-09,LPG,3.046,92.32,4.0873,0.422
2022-10-09,ON,6.217,92.32,4.0873,0.422
2022-10-09,Pb95,5.654,92.32,4.0873,0.422
2022-10-09,Pb98,6.582,92.32,4.0873,0.422
2022-10-16,LPG,3.05,91.78,4.0869,0.411
2022-10-16,ON,6.222,91.78,4.0869,0.411
2022-10-16,Pb95,5.648,91.78,4.0869,0.411
2022-10-16,Pb98,6.581,91.78,4.0869,0.411
2022-10-23,LPG,3.048,88.93,4.0908,0.329
2022-10-23,ON,6.245,88.93,4.0908,0.329
2022-10-23,Pb95,5.639,88.93,4.0908,0.329
2022-10-23,Pb98,6.597,88.93,4.0908,0.329
2022-10-30,LPG,3.064,88.76,4.0843,0.43
2022-10-30,ON,6.264,88.76,4.0843,0.43
2022-10-30,Pb95,5.637,88.76,4.0843,0.43
2022-10-30,Pb98,6.591,88.76,4.0843,0.43
2022-11-06,LPG,3.02,87.56,4.0746,0.389
2022-11-06,ON,6.214,87.56,4.0746,0.389
2022-11-06,Pb95,5.609,87.56,4.0746,0.389
2022-11-06,Pb98,6.528,87.56,4.0746,0.389
2022-11-13,LPG,3.01,89.18,4.0694,0.364
2022-11-13,ON,6.22,89.18,4.0694,0.364
2022-11-13,Pb95,5.612,89.18,4.0694,0.364
2022-11-13,Pb98,6.533,89.18,4.0694,0.364
2022-11-20,LPG,3.003,88.75,4.0751,0.418
2022-11-20,ON,6.237,88.75,4.0751,0.418
2022-11-20,Pb95,5.61,88.75,4.0751,0.418
2022-11-20,Pb98,6.523,88.75,4.0751,0.418
2022-11-27,LPG,2.988,88.87,4.0805,0.417
2022-11-27,ON,6.247,88.87,4.0805,0.417
2022-11-27,Pb95,5.595,88.87,4.0805,0.417
2022-11-27,Pb98,6.515,88.87,4.0805,0.417
2022-12-04,LPG,2.991,87.6,4.0821,0.369
2022-12-04,ON,6.22,87.6,4.0821,0.369
2022-12-04,Pb95,5.554,87.6,4.0821,0.369
2022-12-04,Pb98,6.509,87.6,4.0821,0.369
2022-12-11,LPG,3.006,86.83,4.0781,0.474
2022-12-11,ON,6.222,86.83,4.0781,0.474
2022-12-11,Pb95,5.546,86.83,4.0781,0.474
2022-12-11,Pb98,6.491,86.83,4.0781,0.474
2022-12-18,LPG,3.005,86.81,4.0774,0.364
2022-12-18,ON,6.244,86.81,4.0774,0.364
2022-12-18,Pb95,5.546,86.81,4.0774,0.364
2022-12-18,Pb98,6.47,86.81,4.0774,0.364
2022-12-25,LPG,3.008,84.59,4.076,0.348
2022-12-25,ON,6.268,84.59,4.076,0.348
2022-12-25,Pb95,5.573,84.59,4.076,0.348
2022-12-25,Pb98,6.462,84.59,4.076,0.348
2023-01-01,LPG,3.041,85.04,4.0742,0.365
2023-01-01,ON,6.283,85.04,4.0742,0.365
2023-01-01,Pb95,5.591,85.04,4.0742,0.365
2023-01-01,Pb98,6.496,85.04,4.0742,0.365
2023-01-08,LPG,3.075,84.88,4.0617,0.443
2023-01-08,ON,6.291,84.88,4.0617,0.443
2023-01-08,Pb95,5.606,84.88,4.0617,0.443
2023-01-08,Pb98,6.483,84.88,4.0617,0.443
2023-01-15,LPG,3.072,83.1,4.0574,0.395
2023-01-15,ON,6.298,83.1,4.0574,0.395
2023-01-15,Pb95,5.598,83.1,4.0574,0.395
2023-01-15,Pb98,6.519,83.1,4.0574,0.395
2023-01-22,LPG,3.087,79.5,4.0565,0.389
2023-01-22,ON,6.309,79.5,4.0565,0.389
2023-01-22,Pb95,5.581,79.5,4.0565,0.389
2023-01-22,Pb98,6.518,79.5,4.0565,0.389
2023-01-29,LPG,3.084,80.27,4.064,0.398
2023-01-29,ON,6.283,80.27,4.064,0.398
2023-01-29,Pb95,5.567,80.27,4.064,0.398
2023-01-29,Pb98,6.5,80.27,4.064,0.398
2023-02-05,LPG,3.13,79.83,4.0648,0.382
2023-02-05,ON,6.348,79.83,4.0648,0.382
2023-02-05,Pb95,5.6,79.83,4.0648,0.382
2023-02-05,Pb98,6.53,79.83,4.0648,0.382
2023-02-12,LPG,3.146,79.03,4.0719,0.379
2023-02-12,ON,6.362,79.03,4.0719,0.379
2023-02-12,Pb95,5.632,79.03,4.0719,0.379
2023-02-12,Pb98,6.527,79.03,4.0719,0.379
2023-02-19,LPG,3.124,78.68,4.0699,0.381
2023-02-19,ON,6.353,78.68,4.0699,0.381
2023-02-19,Pb95,5.62,78.68,4.0699,0.381
2023-02-19,Pb98,6.527,78.68,4.0699,0.381
2023-02-26,LPG,3.111,81.4,4.0686,0.421
2023-02-26,ON,6.37,81.4,4.0686,0.421
2023-02-26,Pb95,5.633,81.4,4.0686,0.421
2023-02-26,Pb98,6.524,81.4,4.0686,0.421
2023-03-05,LPG,3.17,81.33,4.0491,0.431
2023-03-05,ON,6.413,81.33,4.0491,0.431
2023-03-05,Pb95,5.679,81.33,4.0491,0.431
2023-03-05,Pb98,6.556,81.33,4.0491,0.431
2023-03-12,LPG,3.184,81.46,4.0514,0.368
2023-03-12,ON,6.393,81.46,4.0514,0.368
2023-03-12,Pb95,5.693,81.46,4.0514,0.368
2023-03-12,Pb98,6.579,81.46,4.0514,0.368
2023-03-19,LPG,3.168,79.23,4.0542,0.407
2023-03-19,ON,6.374,79.23,4.0542,0.407
2023-03-19,Pb95,5.699,79.23,4.0542,0.407
2023-03-19,Pb98,6.576,79.23,4.0542,0.407
2023-03-26,LPG,3.18,81.7,4.063,0.424
2023-03-26,ON,6.386,81.7,4.063,0.424
2023-03-26,Pb95,5.697,81.7,4.063,0.424
2023-03-26,Pb98,6.569,81.7,4.063,0.424
2023-04-02,LPG,3.238,83.07,4.0606,0.368
2023-04-02,ON,6.443,83.07,4.0606,0.368
2023-04-02,Pb95,5.757,83.07,4.0606,0.368
2023-04-02,Pb98,6.659,83.07,4.0606,0.368
2023-04-09,LPG,3.24,84.67,4.061,0.385
2023-04-09,ON,6.423,84.67,4.061,0.385
2023-04-09,Pb95,5.747,84.67,4.061,0.385
2023-04-09,Pb98,6.669,84.67,4.061,0.385
2023-04-16,LPG,3.22,84.74,4.0575,0.369
2023-04-16,ON,6.438,84.74,4.0575,0.369
2023-04-16,Pb95,5.754,84.74,4.0575,0.369
2023-04-16,Pb98,6.658,84.74,4.0575,0.369
2023-04-23,LPG,3.228,86.12,4.0516,0.361
2023-04-23,ON,6.438,86.12,4.0516,0.361
2023-04-23,Pb95,5.748,86.12,4.0516,0.361
2023-04-23,Pb98,6.672,86.12,4.0516,0.361
2023-04-30,LPG,3.226,86.68,4.0481,0.403
2023-04-30,ON,6.415,86.68,4.0481,0.403
2023-04-30,Pb95,5.729,86.68,4.0481,0.403
2023-04-30,Pb98,6.686,86.68,4.0481,0.403
2023-05-07,LPG,3.273,87.6,4.0463,0.378
2023-05-07,ON,6.444,87.6,4.0463,0.378
2023-05-07,Pb95,5.754,87.6,4.0463,0.378
2023-05-07,Pb98,6.73,87.6,4.0463,0.378
2023-05-14,LPG,3.274,87.37,4.0531,0.419
2023-05-14,ON,6.422,87.37,4.0531,0.419
2023-05-14,Pb95,5.757,87.37,4.0531,0.419
2023-05-14,Pb98,6.73,87.37,4.0531,0.419
2023-05-21,LPG,3.248,85.16,4.0531,0.399
2023-05-21,ON,6.419,85.16,4.0531,0.399
2023-05-21,Pb95,5.781,85.16,4.0531,0.399
2023-05-21,Pb98,6.742,85.16,4.0531,0.399
2023-05-28,LPG,3.236,86.7,4.0492,0.412
2023-05-28,ON,6.433,86.7,4.0492,0.412
2023-05-28,Pb95,5.784,86.7,4.0492,0.412
2023-05-28,Pb98,6.732,86.7,4.0492,0.412
2023-06-04,LPG,3.239,83.8,4.0499,0.391
2023-06-04,ON,6.465,83.8,4.0499,0.391
2023-06-04,Pb95,5.798,83.8,4.0499,0.391
2023-06-04,Pb98,6.769,83.8,4.0499,0.391
2023-06-11,LPG,3.238,83.44,4.051,0.381
2023-06-11,ON,6.465,83.44,4.051,0.381
2023-06-11,Pb95,5.803,83.44,4.051,0.381
2023-06-11,Pb98,6.778,83.44,4.051,0.381
2023-06-18,LPG,3.257,83.13,4.0476,0.397
2023-06-18,ON,6.477,83.13,4.0476,0.397
2023-06-18,Pb95,5.822,83.13,4.0476,0.397
2023-06-18,Pb98,6.77,83.13,4.0476,0.397
2023-06-25,LPG,3.262,81.57,4.0533,0.4
2023-06-25,ON,6.46,81.57,4.0533,0.4
2023-06-25,Pb95,5.826,81.57,4.0533,0.4
2023-06-25,Pb98,6.784,81.57,4.0533,0.4
2023-07-02,LPG,3.241,82.49,4.0439,0.379
2023-07-02,ON,6.438,82.49,4.0439,0.379
2023-07-02,Pb95,5.804,82.49,4.0439,0.379
2023-07-02,Pb98,6.778,82.49,4.0439,0.379
2023-07-09,LPG,3.249,82.19,4.0428,0.413
2023-07-09,ON,6.436,82.19,4.0428,0.413
2023-07-09,Pb95,5.821,82.19,4.0428,0.413
2023-07-09,Pb98,6.793,82.19,4.0428,0.413
2023-07-16,LPG,3.269,81.53,4.0461,0.422
2023-07-16,ON,6.457,81.53,4.0461,0.422
2023-07-16,Pb95,5.827,81.53,4.0461,0.422
2023-07-16,Pb98,6.749,81.53,4.0461,0.422
2023-07-23,LPG,3.242,82.31,4.0394,0.405
2023-07-23,ON,6.455,82.31,4.0394,0.405
2023-07-23,Pb95,5.85,82.31,4.0394,0.405
2023-07-23,Pb98,6.765,82.31,4.0394,0.405
2023-07-30,LPG,3.231,81.6,4.0412,0.451
2023-07-30,ON,6.487,81.6,4.0412,0.451
2023-07-30,Pb95,5.853,81.6,4.0412,0.451
2023-07-30,Pb98,6.785,81.6,4.0412,0.451
2023-08-06,LPG,3.183,83.68,4.0477,0.381
2023-08-06,ON,6.434,83.68,4.0477,0.381
2023-08-06,Pb95,5.791,83.68,4.0477,0.381
2023-08-06,Pb98,6.742,83.68,4.0477,0.381
2023-08-13,LPG,3.193,84.21,4.05,0.416
2023-08-13,ON,6.416,84.21,4.05,0.416
2023-08-13,Pb95,5.771,84.21,4.05,0.416
2023-08-13,Pb98,6.778,84.21,4.05,0.416
2023-08-20,LPG,3.184,83.49,4.0415,0.388
2023-08-20,ON,6.377,83.49,4.0415,0.388
2023-08-20,Pb95,5.796,83.49,4.0415,0.388
2023-08-20,Pb98,6.758,83.49,4.0415,0.388
2023-08-27,LPG,3.166,80.58,4.0379,0.407
2023-08-27,ON,6.378,80.58,4.0379,0.407
2023-08-27,Pb95,5.822,80.58,4.0379,0.407
2023-08-27,Pb98,6.729,80.58,4.0379,0.407
2023-09-03,LPG,3.096,78.62,4.044,0.375
2023-09-03,ON,6.329,78.62,4.044,0.375
2023-09-03,Pb95,5.759,78.62,4.044,0.375
2023-09-03,Pb98,6.655,78.62,4.044,0.375
2023-09-10,LPG,3.09,80.25,4.0455,0.433
2023-09-10,ON,6.332,80.25,4.0455,0.433
2023-09-10,Pb95,5.754,80.25,4.0455,0.433
2023-09-10,Pb98,6.649,80.25,4.0455,0.433
2023-09-17,LPG,3.092,80.17,4.0455,0.405
2023-09-17,ON,6.341,80.17,4.0455,0.405
2023-09-17,Pb95,5.776,80.17,4.0455,0.405
2023-09-17,Pb98,6.664,80.17,4.0455,0.405
2023-09-24,LPG,3.099,79.75,4.0477,0.436
2023-09-24,ON,6.35,79.75,4.0477,0.436
2023-09-24,Pb95,5.76,79.75,4.0477,0.436
2023-09-24,Pb98,6.688,79.75,4.0477,0.436
2023-10-01,LPG,3.055,82.21,4.0513,0.362
2023-10-01,ON,6.282,82.21,4.0513,0.362
2023-10-01,Pb95,5.686,82.21,4.0513,0.362
2023-10-01,Pb98,6.616,82.21,4.0513,0.362
2023-10-08,LPG,3.047,80.29,4.0477,0.385
2023-10-08,ON,6.285,80.29,4.0477,0.385
2023-10-08,Pb95,5.696,80.29,4.0477,0.385
2023-10-08,Pb98,6.647,80.29,4.0477,0.385
2023-10-15,LPG,3.057,79.41,4.0463,0.373
2023-10-15,ON,6.303,79.41,4.0463,0.373
2023-10-15,Pb95,5.691,79.41,4.0463,0.373
2023-10-15,Pb98,6.639,79.41,4.0463,0.373
2023-10-22,LPG,3.055,78.7,4.047,0.384
2023-10-22,ON,6.312,78.7,4.047,0.384
2023-10-22,Pb95,5.691,78.7,4.047,0.384
2023-10-22,Pb98,6.657,78.7,4.047,0.384
2023-10-29,LPG,3.042,79.58,4.0443,0.379
2023-10-29,ON,6.315,79.58,4.0443,0.379
2023-10-29,Pb95,5.688,79.58,4.0443,0.379
2023-10-29,Pb98,6.684,79.58,4.0443,0.379
2023-11-05,LPG,2.965,78.58,4.0436,0.396
2023-11-05,ON,6.246,78.58,4.0436,0.396
2023-11-05,Pb95,5.65,78.58,4.0436,0.396
2023-11-05,Pb98,6.631,78.58,4.0436,0.396
2023-11-12,LPG,2.947,77.66,4.0501,0.399
2023-11-12,ON,6.231,77.66,4.0501,0.399
2023-11-12,Pb95,5.671,77.66,4.0501,0.399
2023-11-12,Pb98,6.617,77.66,4.0501,0.399
2023-11-19,LPG,2.949,75.26,4.0453,0.399
2023-11-19,ON,6.225,75.26,4.0453,0.399
2023-11-19,Pb95,5.673,75.26,4.0453,0.399
2023-11-19,Pb98,6.606,75.26,4.0453,0.399
2023-11-26,LPG,2.952,76.35,4.0549,0.383
2023-11-26,ON,6.214,76.35,4.0549,0.383
2023-11-26,Pb95,5.683,76.35,4.0549,0.383
2023-11-26,Pb98,6.602,76.35,4.0549,0.383
2023-12-03,LPG,2.913,77.56,4.0643,0.406
2023-12-03,ON,6.171,77.56,4.0643,0.406
2023-12-03,Pb95,5.636,77.56,4.0643,0.406
2023-12-03,Pb98,6.575,77.56,4.0643,0.406
2023-12-10,LPG,2.946,76.84,4.0557,0.426
2023-12-10,ON,6.167,76.84,4.0557,0.426
2023-12-10,Pb95,5.635,76.84,4.0557,0.426
2023-12-10,Pb98,6.579,76.84,4.0557,0.426
2023-12-17,LPG,2.927,77.09,4.055,0.373
2023-12-17,ON,6.184,77.09,4.055,0.373
2023-12-17,Pb95,5.623,77.09,4.055,0.373
2023-12-17,Pb98,6.556,77.09,4.055,0.373
2023-12-24,LPG,2.911,75.15,4.0567,0.4
2023-12-24,ON,6.2,75.15,4.0567,0.4
2023-12-24,Pb95,5.605,75.15,4.0567,0.4
2023-12-24,Pb98,6.591,75.15,4.0567,0.4
2023-12-31,LPG,2.926,74.44,4.0529,0.398
2023-12-31,ON,6.198,74.44,4.0529,0.398
2023-12-31,Pb95,5.592,74.44,4.0529,0.398
2023-12-31,Pb98,6.574,74.44,4.0529,0.398
2024-01-07,LPG,2.943,76.51,4.0492,0.414
2024-01-07,ON,6.224,76.51,4.0492,0.414
2024-01-07,Pb95,5.603,76.51,4.0492,0.414
2024-01-07,Pb98,6.58,76.51,4.0492,0.414
2024-01-14,LPG,2.955,76.71,4.048,0.398
2024-01-14,ON,6.247,76.71,4.048,0.398
2024-01-14,Pb95,5.617,76.71,4.048,0.398
2024-01-14,Pb98,6.581,76.71,4.048,0.398
2024-01-21,LPG,2.972,80.18,4.0517,0.4
2024-01-21,ON,6.251,80.18,4.0517,0.4
2024-01-21,Pb95,5.597,80.18,4.0517,0.4
2024-01-21,Pb98,6.585,80.18,4.0517,0.4
2024-01-28,LPG,2.949,79.0,4.0492,0.37
2024-01-28,ON,6.244,79.0,4.0492,0.37
2024-01-28,Pb95,5.598,79.0,4.0492,0.37
2024-01-28,Pb98,6.599,79.0,4.0492,0.37
2024-02-04,LPG,2.997,79.87,4.0583,0.401
2024-02-04,ON,6.297,79.87,4.0583,0.401
2024-02-04,Pb95,5.635,79.87,4.0583,0.401
2024-02-04,Pb98,6.619,79.87,4.0583,0.401
2024-02-11,LPG,3.003,79.58,4.0598,0.372
2024-02-11,ON,6.312,79.58,4.0598,0.372
2024-02-11,Pb95,5.63,79.58,4.0598,0.372
2024-02-11,Pb98,6.638,79.58,4.0598,0.372
2024-02-18,LPG,3.002,80.42,4.0593,0.415
2024-02-18,ON,6.31,80.42,4.0593,0.415
2024-02-18,Pb95,5.645,80.42,4.0593,0.415
2024-02-18,Pb98,6.642,80.42,4.0593,0.415
2024-02-25,LPG,2.998,80.41,4.0665,0.397
2024-02-25,ON,6.333,80.41,4.0665,0.397
2024-02-25,Pb95,5.654,80.41,4.0665,0.397
2024-02-25,Pb98,6.667,80.41,4.0665,0.397
2024-03-03,LPG,3.074,79.57,4.0696,0.401
2024-03-03,ON,6.398,79.57,4.0696,0.401
2024-03-03,Pb95,5.734,79.57,4.0696,0.401
2024-03-03,Pb98,6.712,79.57,4.0696,0.401
2024-03-10,LPG,3.087,78.27,4.0715,0.373
2024-03-10,ON,6.401,78.27,4.0715,0.373
2024-03-10,Pb95,5.732,78.27,4.0715,0.373
2024-03-10,Pb98,6.71,78.27,4.0715,0.373
2024-03-17,LPG,3.091,82.87,4.0698,0.424
2024-03-17,ON,6.415,82.87,4.0698,0.424
2024-03-17,Pb95,5.722,82.87,4.0698,0.424
2024-03-17,Pb98,6.717,82.87,4.0698,0.424
2024-03-24,LPG,3.1,82.75,4.0789,0.421
2024-03-24,ON,6.419,82.75,4.0789,0.421
2024-03-24,Pb95,5.718,82.75,4.0789,0.421
2024-03-24,Pb98,6.765,82.75,4.0789,0.421
2024-03-31,LPG,3.098,79.73,4.083,0.426
2024-03-31,ON,6.427,79.73,4.083,0.426
2024-03-31,Pb95,5.722,79.73,4.083,0.426
2024-03-31,Pb98,6.772,79.73,4.083,0.426
2024-04-07,LPG,3.164,78.76,4.0819,0.467
2024-04-07,ON,6.477,78.76,4.0819,0.467
2024-04-07,Pb95,5.785,78.76,4.0819,0.467
2024-04-07,Pb98,6.865,78.76,4.0819,0.467
2024-04-14,LPG,3.165,79.77,4.074,0.398
2024-04-14,ON,6.477,79.77,4.074,0.398
2024-04-14,Pb95,5.769,79.77,4.074,0.398
2024-04-14,Pb98,6.865,79.77,4.074,0.398
2024-04-21,LPG,3.17,79.02,4.0759,0.436
2024-04-21,ON,6.462,79.02,4.0759,0.436
2024-04-21,Pb95,5.771,79.02,4.0759,0.436
2024-04-21,Pb98,6.892,79.02,4.0759,0.436
2024-04-28,LPG,3.183,81.06,4.0702,0.396
2024-04-28,ON,6.477,81.06,4.0702,0.396
2024-04-28,Pb95,5.774,81.06,4.0702,0.396
2024-04-28,Pb98,6.892,81.06,4.0702,0.396
2024-05-05,LPG,3.257,82.57,4.0616,0.412
2024-05-05,ON,6.481,82.57,4.0616,0.412
2024-05-05,Pb95,5.856,82.57,4.0616,0.412
2024-05-05,Pb98,6.924,82.57,4.0616,0.412
2024-05-12,LPG,3.23,82.34,4.0602,0.411
2024-05-12,ON,6.468,82.34,4.0602,0.411
2024-05-12,Pb95,5.884,82.34,4.0602,0.411
2024-05-12,Pb98,6.917,82.34,4.0602,0.411
2024-05-19,LPG,3.251,81.63,4.0616,0.408
2024-05-19,ON,6.469,81.63,4.0616,0.408
2024-05-19,Pb95,5.872,81.63,4.0616,0.408
2024-05-19,Pb98,6.916,81.63,4.0616,0.408
2024-05-26,LPG,3.253,80.12,4.068,0.42
2024-05-26,ON,6.46,80.12,4.068,0.42
2024-05-26,Pb95,5.868,80.12,4.068,0.42
2024-05-26,Pb98,6.904,80.12,4.068,0.42
2024-06-02,LPG,3.28,79.07,4.0695,0.391
2024-06-02,ON,6.475,79.07,4.0695,0.391
2024-06-02,Pb95,5.862,79.07,4.0695,0.391
2024-06-02,Pb98,6.927,79.07,4.0695,0.391
2024-06-09,LPG,3.297,76.86,4.0735,0.401
2024-06-09,ON,6.461,76.86,4.0735,0.401
2024-06-09,Pb95,5.853,76.86,4.0735,0.401
2024-06-09,Pb98,6.918,76.86,4.0735,0.401
2024-06-16,LPG,3.289,78.67,4.0674,0.416
2024-06-16,ON,6.481,78.67,4.0674,0.416
2024-06-16,Pb95,5.858,78.67,4.0674,0.416
2024-06-16,Pb98,6.906,78.67,4.0674,0.416
2024-06-23,LPG,3.295,81.06,4.0672,0.452
2024-06-23,ON,6.46,81.06,4.0672,0.452
2024-06-23,Pb95,5.877,81.06,4.0672,0.452
2024-06-23,Pb98,6.91,81.06,4.0672,0.452
2024-06-30,LPG,3.291,79.17,4.0679,0.375
2024-06-30,ON,6.461,79.17,4.0679,0.375
2024-06-30,Pb95,5.866,79.17,4.0679,0.375
2024-06-30,Pb98,6.906,79.17,4.0679,0.375
2024-07-07,LPG,3.271,77.4,4.0722,0.346
2024-07-07,ON,6.446,77.4,4.0722,0.346
2024-07-07,Pb95,5.84,77.4,4.0722,0.346
2024-07-07,Pb98,6.881,77.4,4.0722,0.346
2024-07-14,LPG,3.277,74.75,4.0728,0.385
2024-07-14,ON,6.453,74.75,4.0728,0.385
2024-07-14,Pb95,5.808,74.75,4.0728,0.385
2024-07-14,Pb98,6.881,74.75,4.0728,0.385
2024-07-21,LPG,3.259,73.3,4.0768,0.403
2024-07-21,ON,6.444,73.3,4.0768,0.403
2024-07-21,Pb95,5.806,73.3,4.0768,0.403
2024-07-21,Pb98,6.877,73.3,4.0768,0.403
2024-07-28,LPG,3.242,68.64,4.0743,0.405
2024-07-28,ON,6.447,68.64,4.0743,0.405
2024-07-28,Pb95,5.79,68.64,4.0743,0.405
2024-07-28,Pb98,6.875,68.64,4.0743,0.405
2024-08-04,LPG,3.194,66.93,4.076,0.403
2024-08-04,ON,6.385,66.93,4.076,0.403
2024-08-04,Pb95,5.739,66.93,4.076,0.403
2024-08-04,Pb98,6.852,66.93,4.076,0.403
2024-08-11,LPG,3.166,68.87,4.0781,0.435
2024-08-11,ON,6.386,68.87,4.0781,0.435
2024-08-11,Pb95,5.726,68.87,4.0781,0.435
2024-08-11,Pb98,6.874,68.87,4.0781,0.435
2024-08-18,LPG,3.145,68.35,4.0719,0.429
2024-08-18,ON,6.395,68.35,4.0719,0.429
2024-08-18,Pb95,5.724,68.35,4.0719,0.429
2024-08-18,Pb98,6.87,68.35,4.0719,0.429
2024-08-25,LPG,3.16,69.64,4.0727,0.399
2024-08-25,ON,6.376,69.64,4.0727,0.399
2024-08-25,Pb95,5.698,69.64,4.0727,0.399
2024-08-25,Pb98,6.873,69.64,4.0727,0.399
2024-09-01,LPG,3.089,68.9,4.0711,0.386
2024-09-01,ON,6.311,68.9,4.0711,0.386
2024-09-01,Pb95,5.616,68.9,4.0711,0.386
2024-09-01,Pb98,6.799,68.9,4.0711,0.386
2024-09-08,LPG,3.068,71.54,4.0616,0.39
2024-09-08,ON,6.3,71.54,4.0616,0.39
2024-09-08,Pb95,5.649,71.54,4.0616,0.39
2024-09-08,Pb98,6.81,71.54,4.0616,0.39
2024-09-15,LPG,3.095,71.84,4.0664,0.389
2024-09-15,ON,6.309,71.84,4.0664,0.389
2024-09-15,Pb95,5.629,71.84,4.0664,0.389
2024-09-15,Pb98,6.793,71.84,4.0664,0.389
2024-09-22,LPG,3.11,71.27,4.0646,0.393
2024-09-22,ON,6.325,71.27,4.0646,0.393
2024-09-22,Pb95,5.613,71.27,4.0646,0.393
2024-09-22,Pb98,6.783,71.27,4.0646,0.393
2024-09-29,LPG,3.1,75.1,4.0603,0.353
2024-09-29,ON,6.347,75.1,4.0603,0.353
2024-09-29,Pb95,5.641,75.1,4.0603,0.353
2024-09-29,Pb98,6.78,75.1,4.0603,0.353
2024-10-06,LPG,3.035,74.61,4.0585,0.386
2024-10-06,ON,6.295,74.61,4.0585,0.386
2024-10-06,Pb95,5.625,74.61,4.0585,0.386
2024-10-06,Pb98,6.701,74.61,4.0585,0.386
2024-10-13,LPG,3.028,72.78,4.0591,0.387
2024-10-13,ON,6.293,72.78,4.0591,0.387
2024-10-13,Pb95,5.607,72.78,4.0591,0.387
2024-10-13,Pb98,6.704,72.78,4.0591,0.387
2024-10-20,LPG,3.023,73.08,4.0667,0.394
2024-10-20,ON,6.272,73.08,4.0667,0.394
2024-10-20,Pb95,5.602,73.08,4.0667,0.394
2024-10-20,Pb98,6.703,73.08,4.0667,0.394
2024-10-27,LPG,3.007,73.02,4.0659,0.392
2024-10-27,ON,6.257,73.02,4.0659,0.392
2024-10-27,Pb95,5.607,73.02,4.0659,0.392
2024-10-27,Pb98,6.69,73.02,4.0659,0.392
2024-11-03,LPG,2.924,74.62,4.0682,0.42
2024-11-03,ON,6.23,74.62,4.0682,0.42
2024-11-03,Pb95,5.59,74.62,4.0682,0.42
2024-11-03,Pb98,6.657,74.62,4.0682,0.42
2024-11-10,LPG,2.916,73.24,4.0751,0.384
2024-11-10,ON,6.225,73.24,4.0751,0.384
2024-11-10,Pb95,5.575,73.24,4.0751,0.384
2024-11-10,Pb98,6.662,73.24,4.0751,0.384
2024-11-17,LPG,2.922,74.45,4.0778,0.387
2024-11-17,ON,6.218,74.45,4.0778,0.387
2024-11-17,Pb95,5.571,74.45,4.0778,0.387
2024-11-17,Pb98,6.666,74.45,4.0778,0.387
2024-11-24,LPG,2.933,75.73,4.0831,0.416
2024-11-24,ON,6.211,75.73,4.0831,0.416
2024-11-24,Pb95,5.583,75.73,4.0831,0.416
2024-11-24,Pb98,6.669,75.73,4.0831,0.416
2024-12-01,LPG,2.931,74.73,4.0807,0.393
2024-12-01,ON,6.183,74.73,4.0807,0.393
2024-12-01,Pb95,5.574,74.73,4.0807,0.393
2024-12-01,Pb98,6.631,74.73,4.0807,0.393
2024-12-08,LPG,2.939,74.97,4.0846,0.406
2024-12-08,ON,6.178,74.97,4.0846,0.406
2024-12-08,Pb95,5.569,74.97,4.0846,0.406
2024-12-08,Pb98,6.651,74.97,4.0846,0.406
2024-12-15,LPG,2.939,73.72,4.0843,0.42
2024-12-15,ON,6.181,73.72,4.0843,0.42
2024-12-15,Pb95,5.567,73.72,4.0843,0.42
2024-12-15,Pb98,6.619,73.72,4.0843,0.42
2024-12-22,LPG,2.942,77.24,4.0897,0.413
2024-12-22,ON,6.177,77.24,4.0897,0.413
2024-12-22,Pb95,5.546,77.24,4.0897,0.413
2024-12-22,Pb98,6.635,77.24,4.0897,0.413
2024-12-29,LPG,2.958,76.19,4.0846,0.408
2024-12-29,ON,6.192,76.19,4.0846,0.408
2024-12-29,Pb95,5.543,76.19,4.0846,0.408
2024-12-29,Pb98,6.645,76.19,4.0846,0.408
2025-01-05,LPG,2.986,75.51,4.0807,0.394
2025-01-05,ON,6.185,75.51,4.0807,0.394
2025-01-05,Pb95,5.555,75.51,4.0807,0.394
2025-01-05,Pb98,6.666,75.51,4.0807,0.394
2025-01-12,LPG,2.978,73.91,4.0871,0.42
2025-01-12,ON,6.188,73.91,4.0871,0.42
2025-01-12,Pb95,5.559,73.91,4.0871,0.42
2025-01-12,Pb98,6.655,73.91,4.0871,0.42
2025-01-19,LPG,2.98,73.39,4.0861,0.405
2025-01-19,ON,6.173,73.39,4.0861,0.405
2025-01-19,Pb95,5.551,73.39,4.0861,0.405
2025-01-19,Pb98,6.657,73.39,4.0861,0.405
2025-01-26,LPG,2.982,73.38,4.0843,0.385
2025-01-26,ON,6.154,73.38,4.0843,0.385
2025-01-26,Pb95,5.558,73.38,4.0843,0.385
2025-01-26,Pb98,6.657,73.38,4.0843,0.385
2025-02-02,LPG,3.013,74.53,4.0847,0.395
2025-02-02,ON,6.162,74.53,4.0847,0.395
2025-02-02,Pb95,5.617,74.53,4.0847,0.395
2025-02-02,Pb98,6.728,74.53,4.0847,0.395
2025-02-09,LPG,3.0,73.62,4.0812,0.363
2025-02-09,ON,6.19,73.62,4.0812,0.363
2025-02-09,Pb95,5.62,73.62,4.0812,0.363
2025-02-09,Pb98,6.756,73.62,4.0812,0.363
2025-02-16,LPG,3.012,73.34,4.0879,0.371
2025-02-16,ON,6.185,73.34,4.0879,0.371
2025-02-16,Pb95,5.625,73.34,4.0879,0.371
2025-02-16,Pb98,6.76,73.34,4.0879,0.371
2025-02-23,LPG,3.018,71.21,4.0817,0.344
2025-02-23,ON,6.18,71.21,4.0817,0.344
2025-02-23,Pb95,5.626,71.21,4.0817,0.344
2025-02-23,Pb98,6.739,71.21,4.0817,0.344
2025-03-02,LPG,3.086,69.97,4.0809,0.38
2025-03-02,ON,6.233,69.97,4.0809,0.38
2025-03-02,Pb95,5.687,69.97,4.0809,0.38
2025-03-02,Pb98,6.812,69.97,4.0809,0.38
2025-03-09,LPG,3.067,74.11,4.0826,0.44
2025-03-09,ON,6.231,74.11,4.0826,0.44
2025-03-09,Pb95,5.676,74.11,4.0826,0.44
2025-03-09,Pb98,6.843,74.11,4.0826,0.44
2025-03-16,LPG,3.049,75.67,4.0821,0.383
2025-03-16,ON,6.256,75.67,4.0821,0.383
2025-03-16,Pb95,5.681,75.67,4.0821,0.383
2025-03-16,Pb98,6.86,75.67,4.0821,0.383
2025-03-23,LPG,3.083,74.5,4.0781,0.424
2025-03-23,ON,6.276,74.5,4.0781,0.424
2025-03-23,Pb95,5.68,74.5,4.0781,0.424
2025-03-23,Pb98,6.875,74.5,4.0781,0.424
2025-03-30,LPG,3.057,72.49,4.0738,0.4
2025-03-30,ON,6.281,72.49,4.0738,0.4
2025-03-30,Pb95,5.711,72.49,4.0738,0.4
2025-03-30,Pb98,6.872,72.49,4.0738,0.4
2025-04-06,LPG,3.116,71.03,4.0759,0.379
2025-04-06,ON,6.342,71.03,4.0759,0.379
2025-04-06,Pb95,5.795,71.03,4.0759,0.379
2025-04-06,Pb98,6.922,71.03,4.0759,0.379
2025-04-13,LPG,3.097,70.99,4.0707,0.44
2025-04-13,ON,6.327,70.99,4.0707,0.44
2025-04-13,Pb95,5.801,70.99,4.0707,0.44
2025-04-13,Pb98,6.92,70.99,4.0707,0.44
2025-04-20,LPG,3.095,71.05,4.074,0.417
2025-04-20,ON,6.345,71.05,4.074,0.417
2025-04-20,Pb95,5.79,71.05,4.074,0.417
2025-04-20,Pb98,6.921,71.05,4.074,0.417
2025-04-27,LPG,3.086,69.93,4.0664,0.347
2025-04-27,ON,6.345,69.93,4.0664,0.347
2025-04-27,Pb95,5.773,69.93,4.0664,0.347
2025-04-27,Pb98,6.923,69.93,4.0664,0.347
2025-05-04,LPG,3.119,68.0,4.0636,0.431
2025-05-04,ON,6.414,68.0,4.0636,0.431
2025-05-04,Pb95,5.835,68.0,4.0636,0.431
2025-05-04,Pb98,6.96,68.0,4.0636,0.431
2025-05-11,LPG,3.124,70.13,4.0638,0.368
2025-05-11,ON,6.448,70.13,4.0638,0.368
2025-05-11,Pb95,5.839,70.13,4.0638,0.368
2025-05-11,Pb98,6.943,70.13,4.0638,0.368
2025-05-18,LPG,3.114,70.81,4.0575,0.395
2025-05-18,ON,6.441,70.81,4.0575,0.395
2025-05-18,Pb95,5.847,70.81,4.0575,0.395
2025-05-18,Pb98,6.945,70.81,4.0575,0.395
2025-05-25,LPG,3.109,70.25,4.0608,0.42
2025-05-25,ON,6.44,70.25,4.0608,0.42
2025-05-25,Pb95,5.821,70.25,4.0608,0.42
2025-05-25,Pb98,6.928,70.25,4.0608,0.42
2025-06-01,LPG,3.146,69.92,4.0607,0.391
2025-06-01,ON,6.477,69.92,4.0607,0.391
2025-06-01,Pb95,5.851,69.92,4.0607,0.391
2025-06-01,Pb98,6.932,69.92,4.0607,0.391
2025-06-08,LPG,3.158,69.12,4.0555,0.434
2025-06-08,ON,6.476,69.12,4.0555,0.434
2025-06-08,Pb95,5.858,69.12,4.0555,0.434
2025-06-08,Pb98,6.931,69.12,4.0555,0.434
2025-06-15,LPG,3.173,64.72,4.0479,0.423
2025-06-15,ON,6.469,64.72,4.0479,0.423
2025-06-15,Pb95,5.842,64.72,4.0479,0.423
2025-06-15,Pb98,6.956,64.72,4.0479,0.423
2025-06-22,LPG,3.145,64.89,4.0401,0.353
2025-06-22,ON,6.479,64.89,4.0401,0.353
2025-06-22,Pb95,5.835,64.89,4.0401,0.353
2025-06-22,Pb98,6.97,64.89,4.0401,0.353
2025-06-29,LPG,3.161,63.29,4.0403,0.386
2025-06-29,ON,6.492,63.29,4.0403,0.386
2025-06-29,Pb95,5.839,63.29,4.0403,0.386
2025-06-29,Pb98,6.978,63.29,4.0403,0.386
2025-07-06,LPG,3.165,61.78,4.0345,0.408
2025-07-06,ON,6.466,61.78,4.0345,0.408
2025-07-06,Pb95,5.824,61.78,4.0345,0.408
2025-07-06,Pb98,6.98,61.78,4.0345,0.408
2025-07-13,LPG,3.172,60.82,4.0277,0.383
2025-07-13,ON,6.459,60.82,4.0277,0.383
2025-07-13,Pb95,5.82,60.82,4.0277,0.383
2025-07-13,Pb98,6.975,60.82,4.0277,0.383
2025-07-20,LPG,3.157,61.92,4.0266,0.394
2025-07-20,ON,6.459,61.92,4.0266,0.394
2025-07-20,Pb95,5.818,61.92,4.0266,0.394
2025-07-20,Pb98,6.983,61.92,4.0266,0.394
2025-07-27,LPG,3.109,60.16,4.0379,0.424
2025-07-27,ON,6.47,60.16,4.0379,0.424
2025-07-27,Pb95,5.815,60.16,4.0379,0.424
2025-07-27,Pb98,7.003,60.16,4.0379,0.424
2025-08-03,LPG,3.035,58.01,4.0393,0.41
2025-08-03,ON,6.408,58.01,4.0393,0.41
2025-08-03,Pb95,5.773,58.01,4.0393,0.41
2025-08-03,Pb98,6.966,58.01,4.0393,0.41
2025-08-10,LPG,3.032,58.97,4.0431,0.372
2025-08-10,ON,6.42,58.97,4.0431,0.372
2025-08-10,Pb95,5.796,58.97,4.0431,0.372
2025-08-10,Pb98,6.95,58.97,4.0431,0.372
2025-08-17,LPG,3.045,60.1,4.0442,0.405
2025-08-17,ON,6.427,60.1,4.0442,0.405
2025-08-17,Pb95,5.757,60.1,4.0442,0.405
2025-08-17,Pb98,6.965,60.1,4.0442,0.405
2025-08-24,LPG,3.04,58.67,4.0481,0.382
2025-08-24,ON,6.432,58.67,4.0481,0.382
2025-08-24,Pb95,5.754,58.67,4.0481,0.382
2025-08-24,Pb98,6.962,58.67,4.0481,0.382
2025-08-31,LPG,3.049,59.51,4.0414,0.364
2025-08-31,ON,6.455,59.51,4.0414,0.364
2025-08-31,Pb95,5.757,59.51,4.0414,0.364
2025-08-31,Pb98,6.965,59.51,4.0414,0.364
2025-09-07,LPG,2.988,59.07,4.0393,0.366
2025-09-07,ON,6.419,59.07,4.0393,0.366
2025-09-07,Pb95,5.701,59.07,4.0393,0.366
2025-09-07,Pb98,6.886,59.07,4.0393,0.366
2025-09-14,LPG,2.974,59.52,4.0406,0.409
2025-09-14,ON,6.429,59.52,4.0406,0.409
2025-09-14,Pb95,5.696,59.52,4.0406,0.409
2025-09-14,Pb98,6.907,59.52,4.0406,0.409
2025-09-21,LPG,2.994,57.63,4.0405,0.399
2025-09-21,ON,6.441,57.63,4.0405,0.399
2025-09-21,Pb95,5.67,57.63,4.0405,0.399
2025-09-21,Pb98,6.899,57.63,4.0405,0.399
2025-09-28,LPG,3.002,58.88,4.0395,0.4
2025-09-28,ON,6.418,58.88,4.0395,0.4
2025-09-28,Pb95,5.675,58.88,4.0395,0.4
2025-09-28,Pb98,6.896,58.88,4.0395,0.4
2025-10-05,LPG,2.975,60.69,4.0362,0.366
2025-10-05,ON,6.358,60.69,4.0362,0.366
2025-10-05,Pb95,5.641,60.69,4.0362,0.366
2025-10-05,Pb98,6.814,60.69,4.0362,0.366
2025-10-12,LPG,2.999,61.64,4.0349,0.394
2025-10-12,ON,6.375,61.64,4.0349,0.394
2025-10-12,Pb95,5.618,61.64,4.0349,0.394
2025-10-12,Pb98,6.812,61.64,4.0349,0.394
2025-10-19,LPG,2.995,62.48,4.031,0.369
2025-10-19,ON,6.385,62.48,4.031,0.369
2025-10-19,Pb95,5.631,62.48,4.031,0.369
2025-10-19,Pb98,6.806,62.48,4.031,0.369
2025-10-26,LPG,3.011,56.82,4.0189,0.372
2025-10-26,ON,6.394,56.82,4.0189,0.372
2025-10-26,Pb95,5.627,56.82,4.0189,0.372
2025-10-26,Pb98,6.796,56.82,4.0189,0.372
2025-11-02,LPG,2.965,57.21,4.0129,0.395
2025-11-02,ON,6.38,57.21,4.0129,0.395
2025-11-02,Pb95,5.582,57.21,4.0129,0.395
2025-11-02,Pb98,6.779,57.21,4.0129,0.395
2025-11-09,LPG,2.956,57.17,4.0153,0.358
2025-11-09,ON,6.381,57.17,4.0153,0.358
2025-11-09,Pb95,5.566,57.17,4.0153,0.358
2025-11-09,Pb98,6.801,57.17,4.0153,0.358
2025-11-16,LPG,2.984,56.95,4.0231,0.42
2025-11-16,ON,6.391,56.95,4.0231,0.42
2025-11-16,Pb95,5.562,56.95,4.0231,0.42
2025-11-16,Pb98,6.788,56.95,4.0231,0.42
2025-11-23,LPG,2.971,56.01,4.0322,0.475
2025-11-23,ON,6.4,56.01,4.0322,0.475
2025-11-23,Pb95,5.581,56.01,4.0322,0.475
2025-11-23,Pb98,6.813,56.01,4.0322,0.475
2025-11-30,LPG,2.985,56.09,4.0327,0.414
2025-11-30,ON,6.409,56.09,4.0327,0.414
2025-11-30,Pb95,5.59,56.09,4.0327,0.414
2025-11-30,Pb98,6.803,56.09,4.0327,0.414
2025-12-07,LPG,2.985,56.71,4.0371,0.369
2025-12-07,ON,6.413,56.71,4.0371,0.369
2025-12-07,Pb95,5.6,56.71,4.0371,0.369
2025-12-07,Pb98,6.764,56.71,4.0371,0.369
2025-12-14,LPG,2.977,56.31,4.0417,0.392
2025-12-14,ON,6.444,56.31,4.0417,0.392
2025-12-14,Pb95,5.618,56.31,4.0417,0.392
2025-12-14,Pb98,6.755,56.31,4.0417,0.392
2025-12-21,LPG,3.002,55.62,4.0382,0.353
2025-12-21,ON,6.439,55.62,4.0382,0.353
2025-12-21,Pb95,5.625,55.62,4.0382,0.353
2025-12-21,Pb98,6.767,55.62,4.0382,0.353
2025-12-28,LPG,2.99,57.46,4.0297,0.389
2025-12-28,ON,6.448,57.46,4.0297,0.389
2025-12-28,Pb95,5.651,57.46,4.0297,0.389
2025-12-28,Pb98,6.777,57.46,4.0297,0.389
